project_id,project_name,project_type,work_category,state,district,constituency,location,latitude,longitude,estimated_cost,sanctioned_amount,released_amount,utilized_amount,actual_cost,number_of_payments,sanction_date,work_order_date,planned_completion_date,actual_completion_date,delay_days,physical_progress,financial_progress,work_status,inspection_count,last_inspection_date,issues_reported,issues_resolved,implementing_agency,agency_type,contractor_id,contractor_name,contract_value,tender_id,estimated_tender_value,bid_count,winning_bid,second_lowest_bid,procurement_method,estimated_beneficiaries,population_served,dataset_type
MPLAD-BRI-0001,Bridge Project 1,bridge,bridge,Karnataka,District A,Constituency 13,Location 1,13.58651,71.63092,4835000.0,4882701.38,3646428.7,2404009.92,5236297.68,3,2023-04-02,2023-05-04,2024-02-28,2024-03-16,17,62.3,66.0,Completed,2,2023-05-26,3,0,PWD,Government,CONT-5803,Contractor 41,4572151.69,TND-91070,4846969.73,5,4136691.7,4353774.8,Limited Tender,2680,2926,synthetic
MPLAD-BRI-0002,Bridge Project 2,bridge,bridge,Tamil Nadu,District B,Constituency 12,Location 2,12.43651,87.45252,4421000.0,4634636.37,3893228.34,3608155.86,4401616.12,2,2023-01-12,2023-02-05,2023-12-02,,12,11.1,15.5,Ongoing,2,2023-08-18,1,0,Municipal Corporation,Government,CONT-4432,Contractor 43,4238231.84,TND-44993,4280516.57,5,3838581.75,4038214.11,Direct Contract,4147,3997,synthetic
MPLAD-BRI-0003,Bridge Project 3,bridge,bridge,Bihar,District B,Constituency 6,Location 3,23.62585,86.46927,4971000.0,4884773.42,4255288.26,3395366.92,5377717.27,9,2023-06-24,2023-07-08,2024-05-03,2024-05-20,17,98.4,100.0,Completed,5,2023-10-03,1,0,Rural Development Dept,Government,CONT-7216,Contractor 18,4789609.31,TND-93886,4918745.6,4,4327642.04,4635485.37,Direct Contract,3285,3540,synthetic
MPLAD-BRI-0004,Bridge Project 4,bridge,bridge,Uttar Pradesh,District A,Constituency 11,Location 4,13.98301,77.38689,5380000.0,5289023.14,3803164.67,2731331.25,5680335.98,4,2023-05-23,2023-06-16,2024-04-11,2024-05-18,37,85.5,89.4,Completed,2,2023-07-14,4,1,Rural Development Dept,Government,CONT-5386,Contractor 5,4929068.38,TND-37653,5127908.9,2,4600520.89,4834489.9,Direct Contract,2461,2638,synthetic
MPLAD-BRI-0005,Bridge Project 5,bridge,bridge,Karnataka,District B,Constituency 9,Location 5,10.87677,76.07707,4592000.0,4766710.83,4229532.14,3012868.31,4930413.1,6,2023-03-22,2023-04-14,2024-02-08,2024-03-08,29,64.2,63.8,Completed,3,2023-11-02,0,0,Zilla Parishad,Government,CONT-5040,Contractor 48,4578928.96,TND-83579,4362638.96,6,4271501.63,4274471.23,Direct Contract,1406,1218,synthetic
MPLAD-BRI-0006,Bridge Project 6,bridge,bridge,Tamil Nadu,District B,Constituency 5,Location 6,26.27887,74.27748,4733000.0,4760499.68,3909088.36,2441847.44,4518552.76,6,2023-03-09,2023-04-15,2024-02-09,,7,65.7,67.8,Ongoing,2,2023-11-05,2,1,Rural Development Dept,Government,CONT-2489,Contractor 49,4742966.84,TND-16175,4747641.34,3,4737422.37,4852094.18,Open Tender,2506,2510,synthetic
MPLAD-BRI-0007,Bridge Project 7,bridge,bridge,Karnataka,District A,Constituency 13,Location 7,13.01772,79.74606,5447000.0,5466486.47,3974610.87,3646367.43,5765009.08,3,2023-02-09,2023-03-01,2023-12-26,,-1,35.7,32.6,Ongoing,0,,2,1,Rural Development Dept,Government,CONT-8668,Contractor 34,5429438.43,TND-42953,5269627.39,2,4793441.74,5041622.83,Direct Contract,3289,3356,synthetic
MPLAD-BRI-0008,Bridge Project 8,bridge,bridge,Tamil Nadu,District C,Constituency 4,Location 8,15.80959,83.43685,5125000.0,4958414.4,4931889.38,3927370.23,4905329.72,8,2023-01-03,2023-01-20,2023-11-16,2023-12-06,20,95.3,92.2,Completed,6,2023-10-21,4,3,Municipal Corporation,Government,CONT-8123,Contractor 11,4985815.57,TND-69470,5098567.37,6,4505300.09,4826158.2,Open Tender,3300,2874,synthetic
MPLAD-BRI-0009,Bridge Project 9,bridge,bridge,Maharashtra,District C,Constituency 17,Location 9,15.93801,79.94977,4787000.0,4592492.11,3721364.05,2607845.96,4988423.32,3,2023-03-09,2023-04-20,2024-02-14,,34,29.5,34.2,Ongoing,6,2024-01-04,2,0,Zilla Parishad,Government,CONT-3504,Contractor 24,4771781.38,TND-31174,4632432.88,5,4264115.91,4383323.68,Direct Contract,3196,3470,synthetic
MPLAD-BRI-0010,Bridge Project 10,bridge,bridge,Maharashtra,District A,Constituency 12,Location 10,27.44272,85.6073,4842000.0,4636382.66,3670666.37,2468692.69,5544491.38,7,2023-05-16,2023-05-26,2024-03-21,2024-04-08,18,74.9,73.8,Completed,3,2024-01-31,2,1,Municipal Corporation,Government,CONT-4923,Contractor 4,4974188.87,TND-41571,4666052.05,7,4217754.91,4341584.75,Direct Contract,1950,2033,synthetic
MPLAD-BRI-0011,Bridge Project 11,bridge,bridge,Maharashtra,District B,Constituency 5,Location 11,18.97436,85.15642,5470000.0,5580475.88,5238603.66,4914868.59,5811825.68,4,2023-01-21,2023-02-05,2023-12-02,2023-12-22,20,73.5,72.3,Completed,2,2024-03-28,2,1,Rural Development Dept,Government,CONT-3705,Contractor 17,4953644.19,TND-79163,5646462.51,7,5254385.5,5426020.65,Direct Contract,2675,2914,synthetic
MPLAD-BRI-0012,Bridge Project 12,bridge,bridge,Uttar Pradesh,District C,Constituency 13,Location 12,23.31849,79.30053,5024000.0,5124234.93,3799650.58,2471457.11,5038260.5,5,2023-04-19,2023-05-12,2024-03-07,,18,44.7,47.1,Ongoing,1,2024-06-01,0,0,Municipal Corporation,Government,CONT-8177,Contractor 34,5211305.07,TND-69177,4995037.76,7,4316117.19,4395044.3,Open Tender,2708,2925,synthetic
MPLAD-BRI-0013,Bridge Project 13,bridge,bridge,Maharashtra,District B,Constituency 19,Location 13,24.41513,81.08532,3604000.0,3552092.55,3294046.64,1994444.86,3466805.62,7,2023-03-05,2023-03-29,2024-01-23,2024-03-10,47,64.6,60.1,Completed,0,,3,2,Zilla Parishad,Government,CONT-1117,Contractor 5,3478140.2,TND-92719,3567421.11,3,3540208.32,3854111.65,Open Tender,3001,2886,synthetic
MPLAD-BRI-0014,Bridge Project 14,bridge,bridge,Tamil Nadu,District A,Constituency 17,Location 14,27.54724,75.07339,5010000.0,5193966.67,4627414.39,4184851.86,5691675.13,4,2023-02-28,2023-03-14,2024-01-08,,31,20.3,23.4,Ongoing,5,2024-05-27,1,0,Zilla Parishad,Government,CONT-5562,Contractor 43,4973617.79,TND-73624,4928113.66,3,4424688.84,4798519.88,Open Tender,4085,3296,synthetic
MPLAD-BRI-0015,Bridge Project 15,bridge,bridge,Bihar,District D,Constituency 8,Location 15,29.49256,77.00563,3796000.0,3621075.13,2988776.79,2892181.35,4305279.1,9,2023-05-19,2023-06-06,2024-04-01,2024-05-10,39,81.9,81.1,Completed,3,2024-03-24,2,1,Rural Development Dept,Government,CONT-7669,Contractor 13,3803503.62,TND-22363,3887069.37,4,3364136.41,3667767.52,Open Tender,3783,3389,synthetic
MPLAD-BRI-0016,Bridge Project 16,bridge,bridge,Karnataka,District A,Constituency 4,Location 16,27.72464,82.71236,4514000.0,4448504.2,4390852.77,3763718.53,5018601.04,5,2023-06-18,2023-07-25,2024-05-20,2024-05-20,0,63.3,59.2,Completed,5,2024-02-20,3,3,PWD,Government,CONT-7596,Contractor 47,4629308.24,TND-54473,4679604.53,7,4036701.84,4319662.18,Open Tender,981,806,synthetic
MPLAD-BRI-0017,Bridge Project 17,bridge,bridge,Uttar Pradesh,District D,Constituency 6,Location 17,31.09214,76.74767,3432000.0,3556629.14,3428974.57,2365788.0,3587560.05,1,2023-03-05,2023-03-27,2024-01-21,2024-02-11,21,96.3,97.2,Completed,3,2023-11-11,2,1,Municipal Corporation,Government,CONT-8579,Contractor 16,3297398.03,TND-19880,3456529.54,5,2999654.75,3034908.57,Limited Tender,3762,3667,synthetic
MPLAD-BRI-0018,Bridge Project 18,bridge,bridge,Maharashtra,District A,Constituency 8,Location 18,18.93576,81.16239,5020000.0,5034241.8,4182955.28,3784744.27,4622028.61,8,2023-05-21,2023-06-06,2024-04-01,2024-04-21,20,72.9,68.3,Completed,4,2024-03-08,1,1,Zilla Parishad,Government,CONT-7658,Contractor 32,4807303.98,TND-73092,5139024.55,4,4584752.38,5020492.51,Open Tender,3233,3449,synthetic
MPLAD-BRI-0019,Bridge Project 19,bridge,bridge,Maharashtra,District D,Constituency 9,Location 19,28.78553,70.81394,4812000.0,4681784.75,3650768.56,2690365.02,4797886.87,7,2023-04-13,2023-04-26,2024-02-20,2024-02-24,4,70.4,69.9,Completed,0,,1,1,Rural Development Dept,Government,CONT-5673,Contractor 28,4426933.02,TND-82845,4608067.62,7,4573368.81,4905267.11,Direct Contract,2207,2383,synthetic
MPLAD-BRI-0020,Bridge Project 20,bridge,bridge,Maharashtra,District A,Constituency 11,Location 20,21.33036,83.84177,5736000.0,5895232.67,4976230.89,4848882.67,5752139.84,5,2023-05-05,2023-05-24,2024-03-19,2024-04-28,40,75.7,79.0,Completed,1,2023-09-12,0,0,PWD,Government,CONT-1821,Contractor 38,5174163.36,TND-72493,5492425.96,5,5338281.86,5871959.33,Direct Contract,2593,2849,synthetic
MPLAD-BRI-0021,Bridge Project 21,bridge,bridge,Maharashtra,District B,Constituency 3,Location 21,26.12329,81.16557,4065000.0,3945100.93,3059160.39,2154866.71,3903502.46,2,2023-05-16,2023-06-05,2024-03-31,2024-05-10,40,68.3,72.1,Completed,1,2024-02-20,1,1,PWD,Government,CONT-4853,Contractor 26,3846167.17,TND-25713,4193610.8,5,3917422.51,4260844.77,Direct Contract,2387,1930,synthetic
MPLAD-BRI-0022,Bridge Project 22,bridge,bridge,Bihar,District C,Constituency 9,Location 22,9.82072,72.31983,4318000.0,4492080.63,3976295.95,3867249.36,4755245.72,7,2023-03-05,2023-03-17,2024-01-11,2024-02-24,44,82.2,78.1,Completed,4,2023-10-17,3,2,Zilla Parishad,Government,CONT-6147,Contractor 16,3915904.34,TND-44814,4370163.89,3,3930144.07,4179079.73,Limited Tender,3764,3282,synthetic
MPLAD-BRI-0023,Bridge Project 23,bridge,bridge,Maharashtra,District A,Constituency 15,Location 23,28.96589,86.5757,3309000.0,3203134.26,2911490.29,2202342.27,3555245.5,1,2023-02-03,2023-03-04,2023-12-29,2024-02-09,42,95.0,95.2,Completed,4,2024-03-22,1,1,PWD,Government,CONT-2200,Contractor 35,3421944.74,TND-37938,3186152.84,3,3038185.43,3050129.19,Direct Contract,3308,2727,synthetic
MPLAD-BRI-0024,Bridge Project 24,bridge,bridge,Uttar Pradesh,District C,Constituency 10,Location 24,28.17704,71.60568,5313000.0,5475684.74,5062149.57,3392237.48,5149462.74,9,2023-03-09,2023-03-27,2024-01-21,,11,48.8,50.0,Ongoing,3,2023-05-01,3,1,Zilla Parishad,Government,CONT-8179,Contractor 35,5138265.29,TND-49651,5330329.55,2,5120372.03,5213708.16,Direct Contract,2263,2193,synthetic
MPLAD-BRI-0025,Bridge Project 25,bridge,bridge,Tamil Nadu,District A,Constituency 5,Location 25,10.1093,84.50557,4647000.0,4781377.87,4061936.66,2571326.58,4971247.12,8,2023-06-17,2023-07-30,2024-05-25,2024-06-27,33,81.5,82.4,Completed,2,2024-05-08,1,1,Municipal Corporation,Government,CONT-2891,Contractor 7,4869950.45,TND-82512,4696153.56,2,3997037.9,4087104.27,Open Tender,2876,3034,synthetic
MPLAD-BRI-0026,Bridge Project 26,bridge,bridge,Tamil Nadu,District B,Constituency 9,Location 26,26.42671,71.57122,2962000.0,2837665.24,2432881.99,1839139.07,3329854.8,4,2023-03-11,2023-04-08,2024-02-02,2024-02-27,25,94.6,97.8,Completed,1,2024-04-09,4,1,Rural Development Dept,Government,CONT-5114,Contractor 4,2809610.68,TND-22097,2939914.27,2,2823602.67,2973208.44,Direct Contract,2949,2984,synthetic
MPLAD-BRI-0027,Bridge Project 27,bridge,bridge,Uttar Pradesh,District C,Constituency 6,Location 27,12.34959,71.19693,5095000.0,5071699.53,4384894.72,3545583.57,5055807.33,8,2023-04-19,2023-05-16,2024-03-11,2024-03-06,-5,68.1,69.9,Completed,1,2023-11-02,0,0,Rural Development Dept,Government,CONT-8007,Contractor 36,4947117.27,TND-11267,5149058.91,4,4646151.56,5078024.89,Open Tender,3222,3484,synthetic
MPLAD-BRI-0028,Bridge Project 28,bridge,bridge,Tamil Nadu,District B,Constituency 14,Location 28,10.80555,86.91698,4092000.0,3907080.33,3650988.19,3339257.83,4420993.27,7,2023-01-20,2023-02-08,2023-12-05,2024-01-05,31,93.0,89.9,Completed,3,2024-04-10,3,3,Zilla Parishad,Government,CONT-1685,Contractor 20,4037261.07,TND-57795,4032814.32,3,3756699.34,4097233.66,Open Tender,3382,3338,synthetic
MPLAD-BRI-0029,Bridge Project 29,bridge,bridge,Uttar Pradesh,District B,Constituency 14,Location 29,8.29287,80.77197,5118000.0,5311782.38,4507722.41,6411956.88,4819532.01,4,2023-03-05,2023-03-21,2024-01-15,,299,55.9,60.9,Ongoing,4,2023-06-08,3,1,PWD,Government,CONT-3938,Contractor 48,4957039.07,TND-53540,5171205.64,1,4814284.35,4814284.35,Limited Tender,1456,1501,synthetic
MPLAD-BRI-0030,Bridge Project 30,bridge,bridge,Tamil Nadu,District C,Constituency 8,Location 30,28.17055,86.39235,4240000.0,4134762.8,3323145.24,2223207.87,4391287.91,1,2023-03-05,2023-04-01,2024-01-26,2024-12-12,321,76.0,75.6,Completed,3,2023-07-23,1,0,Zilla Parishad,Government,CONT-1387,Contractor 43,3913014.83,TND-35313,4272346.26,3,3675662.82,3704083.44,Limited Tender,3501,2910,synthetic
MPLAD-BRI-0031,Bridge Project 31,bridge,bridge,Tamil Nadu,District C,Constituency 17,Location 31,13.10434,79.27313,6214000.0,5937328.88,4753183.09,4302031.44,6212450.7,1,2023-03-26,2023-04-22,2024-02-16,,27,10.4,8.7,Ongoing,4,2024-05-21,2,1,Rural Development Dept,Government,CONT-9785,Contractor 22,5757010.31,TND-13617,6212985.73,7,5312611.48,5478085.07,Open Tender,2569,2224,synthetic
MPLAD-BRI-0032,Bridge Project 32,bridge,bridge,Maharashtra,District A,Constituency 20,Location 32,26.36855,71.85367,5111000.0,4931431.52,4065409.21,2571098.43,5827907.6,8,2023-03-08,2023-03-29,2024-01-23,2024-02-12,20,83.8,79.5,Completed,3,2023-08-11,1,1,Rural Development Dept,Government,CONT-6663,Contractor 47,5194458.25,TND-51114,5087125.92,3,4731883.69,4959528.91,Limited Tender,3094,2936,synthetic
MPLAD-BRI-0033,Bridge Project 33,bridge,bridge,Bihar,District B,Constituency 9,Location 33,22.47674,84.5233,3550000.0,3517600.63,2489110.16,1641164.88,3766549.59,4,2023-06-05,2023-07-17,2024-05-12,2024-05-20,8,88.6,90.2,Completed,0,,1,1,PWD,Government,CONT-8144,Contractor 1,3250437.82,TND-78146,3656470.21,4,3594745.6,3794872.85,Direct Contract,3517,3856,synthetic
MPLAD-BRI-0034,Bridge Project 34,bridge,bridge,Tamil Nadu,District C,Constituency 4,Location 34,31.38913,84.03566,4921000.0,4744376.38,3899486.89,2819782.23,5590760.06,1,2023-06-25,2023-07-17,2024-05-12,2024-06-04,23,89.4,92.9,Completed,3,2023-08-21,4,0,Municipal Corporation,Government,CONT-9308,Contractor 20,5042047.62,TND-97410,4844819.05,7,4381720.65,4759016.6,Limited Tender,2570,2225,synthetic
MPLAD-BRI-0035,Bridge Project 35,bridge,bridge,Uttar Pradesh,District B,Constituency 14,Location 35,10.55789,72.52033,4475000.0,4609185.23,3814396.0,2321206.2,5028280.3,9,2023-03-25,2023-04-29,2024-02-23,2024-03-30,36,70.7,71.1,Completed,2,2024-02-06,3,1,Rural Development Dept,Government,CONT-3851,Contractor 40,4641223.07,TND-84593,4303943.61,5,3979915.25,4006650.49,Limited Tender,2958,3005,synthetic
MPLAD-BRI-0036,Bridge Project 36,bridge,bridge,Tamil Nadu,District B,Constituency 14,Location 36,19.42521,81.94608,2760000.0,2824082.94,2189283.31,1840261.78,2667883.89,6,2023-04-14,2023-05-29,2024-03-24,,61,77.0,76.0,Ongoing,4,2023-10-31,0,0,Municipal Corporation,Government,CONT-8618,Contractor 29,2830550.7,TND-67954,2742665.38,5,2627080.92,2705137.2,Direct Contract,2870,2783,synthetic
MPLAD-BRI-0037,Bridge Project 37,bridge,bridge,Uttar Pradesh,District A,Constituency 10,Location 37,10.19797,86.51164,4466000.0,4483793.79,3356586.7,3087325.58,4320755.88,1,2023-02-24,2023-04-07,2024-02-01,2024-02-04,3,93.9,98.5,Completed,2,2024-05-18,1,1,Municipal Corporation,Government,CONT-2530,Contractor 49,4327340.65,TND-40784,4276611.86,3,4147938.8,4436094.64,Direct Contract,3373,3063,synthetic
MPLAD-BRI-0038,Bridge Project 38,bridge,bridge,Maharashtra,District A,Constituency 8,Location 38,10.76677,77.59173,3440000.0,3421425.99,2585023.78,2083328.47,3913204.12,2,2023-03-21,2023-04-14,2024-02-08,,25,74.5,76.1,Ongoing,4,2023-06-28,2,2,Rural Development Dept,Government,CONT-2193,Contractor 30,3389059.74,TND-64321,3582927.97,7,3110262.33,3337629.87,Direct Contract,3366,2887,synthetic
MPLAD-BRI-0039,Bridge Project 39,bridge,bridge,Bihar,District D,Constituency 2,Location 39,23.06013,85.72619,5416000.0,5497330.64,4449589.86,3617771.67,5747116.16,9,2023-04-09,2023-05-20,2024-03-15,2024-07-30,137,79.2,100.0,Completed,4,2023-07-13,3,2,Zilla Parishad,Government,CONT-2988,Contractor 30,5678953.28,TND-27477,5145328.64,1,4781762.65,4781762.65,Limited Tender,2689,2538,synthetic
MPLAD-BRI-0040,Bridge Project 40,bridge,bridge,Tamil Nadu,District D,Constituency 20,Location 40,31.57593,85.91558,5451000.0,5406174.67,4467701.13,3932833.65,5952864.59,8,2023-06-20,2023-08-02,2024-05-28,,13,38.4,36.3,Ongoing,2,2024-06-01,0,0,Rural Development Dept,Government,CONT-9976,Contractor 29,5461613.6,TND-30861,5297420.19,3,5136899.87,5269936.66,Direct Contract,2830,2763,synthetic
MPLAD-ROA-0041,Road Project 41,road,road,Karnataka,District D,Constituency 18,Location 41,31.91206,86.15385,4039000.0,4237383.01,3260672.63,3124500.66,3803762.53,3,2023-05-03,2023-05-13,2024-01-08,,10,62.0,63.1,Ongoing,2,2023-10-12,1,1,Zilla Parishad,Government,CONT-8999,Contractor 15,4222230.83,TND-45774,4194011.12,4,3940655.57,4147552.4,Limited Tender,5108,4839,synthetic
MPLAD-ROA-0042,Road Project 42,road,road,Karnataka,District B,Constituency 15,Location 42,29.46752,87.84656,2231000.0,2169383.71,1868039.67,1541725.22,2133081.73,2,2023-05-05,2023-05-16,2024-01-11,2024-01-18,7,95.1,92.8,Completed,6,2024-04-22,0,0,Zilla Parishad,Government,CONT-9751,Contractor 2,2094826.6,TND-61645,2280845.03,3,2120935.85,2324995.75,Direct Contract,5164,4300,synthetic
MPLAD-ROA-0043,Road Project 43,road,road,Uttar Pradesh,District D,Constituency 6,Location 43,10.01836,75.8758,1434000.0,1480559.25,1190877.12,1021351.16,1502978.19,9,2023-05-25,2023-06-05,2024-01-31,2024-02-06,6,82.6,80.3,Completed,10,2024-01-10,2,0,PWD,Government,CONT-5262,Contractor 25,1468233.18,TND-52906,1380779.94,4,1221015.1,1331968.9,Open Tender,4189,3593,synthetic
MPLAD-ROA-0044,Road Project 44,road,road,Tamil Nadu,District D,Constituency 9,Location 44,31.76356,82.16894,3388000.0,3306621.45,2943560.07,2370138.21,3584346.06,4,2023-04-27,2023-05-27,2024-01-22,2024-02-06,15,90.4,90.8,Completed,4,2023-12-07,2,1,PWD,Government,CONT-8705,Contractor 2,3083427.58,TND-80702,3415839.35,2,2933140.5,2955049.42,Open Tender,5219,5509,synthetic
MPLAD-ROA-0045,Road Project 45,road,road,Maharashtra,District A,Constituency 8,Location 45,14.55823,87.11554,3497000.0,3345099.46,3165982.38,2346932.42,3482673.02,8,2023-03-31,2023-04-24,2023-12-20,2024-02-03,45,92.8,90.3,Completed,0,,1,1,Zilla Parishad,Government,CONT-1333,Contractor 40,3595375.74,TND-29973,3506450.33,6,3345337.12,3419192.0,Open Tender,5243,5223,synthetic
MPLAD-ROA-0046,Road Project 46,road,road,Tamil Nadu,District A,Constituency 19,Location 46,11.68779,78.16649,2746000.0,2867816.93,2368582.18,1995861.76,5343353.09,2,2023-05-25,2023-06-17,2024-02-12,,183,88.7,100.0,Ongoing,1,2023-08-14,0,0,PWD,Government,CONT-6111,Contractor 37,2666315.16,TND-98781,2874565.92,1,2531213.93,2531213.93,Limited Tender,4308,3564,synthetic
MPLAD-ROA-0047,Road Project 47,road,road,Uttar Pradesh,District A,Constituency 10,Location 47,31.3928,82.99398,3289000.0,3135247.86,3060799.38,2553707.93,3068016.1,9,2023-04-12,2023-05-04,2023-12-30,2024-02-07,39,91.9,91.7,Completed,1,2024-04-21,2,1,PWD,Government,CONT-1672,Contractor 23,3247215.59,TND-79827,3213021.93,4,3205480.04,3253427.82,Limited Tender,6962,6395,synthetic
MPLAD-ROA-0048,Road Project 48,road,road,Bihar,District C,Constituency 20,Location 48,27.71458,70.7413,2827000.0,2906113.87,2068820.75,2780809.72,3152191.5,1,2023-06-15,2023-07-16,2024-03-12,,243,88.9,100.0,Ongoing,3,2024-03-07,2,1,Rural Development Dept,Government,CONT-8616,Contractor 28,2577621.21,TND-87656,2797860.21,3,2788403.32,2844410.94,Limited Tender,4596,4632,synthetic
MPLAD-ROA-0049,Road Project 49,road,road,Tamil Nadu,District D,Constituency 8,Location 49,16.0855,73.27812,3095000.0,3129956.22,2471572.33,2361282.59,3262597.8,7,2023-03-24,2023-04-18,2023-12-14,,33,85.8,87.1,Ongoing,6,2023-06-01,1,0,Rural Development Dept,Government,CONT-7209,Contractor 22,2989123.4,TND-13761,3164583.82,5,2807193.08,2851980.35,Limited Tender,4679,5113,synthetic
MPLAD-ROA-0050,Road Project 50,road,road,Tamil Nadu,District C,Constituency 9,Location 50,16.30244,76.6787,3191000.0,3045382.43,2279474.12,1385754.39,3217848.54,4,2023-03-25,2023-04-15,2023-12-11,2023-12-11,0,81.7,81.6,Completed,1,2023-10-13,1,0,Municipal Corporation,Government,CONT-1166,Contractor 34,3274182.54,TND-35042,3087035.09,6,2960699.29,3180592.36,Open Tender,6198,5749,synthetic
MPLAD-ROA-0051,Road Project 51,road,road,Uttar Pradesh,District D,Constituency 16,Location 51,18.68733,79.26671,4397000.0,4435719.27,3144119.14,2359019.27,4522309.96,9,2023-03-03,2023-04-08,2023-12-04,2023-12-29,25,84.2,85.2,Completed,5,2024-04-30,2,2,Rural Development Dept,Government,CONT-1282,Contractor 6,4374492.11,TND-48566,4341091.55,3,3807773.45,4133103.94,Open Tender,3349,3554,synthetic
MPLAD-ROA-0052,Road Project 52,road,road,Tamil Nadu,District D,Constituency 18,Location 52,8.88011,83.25524,2977000.0,2856509.35,2558395.39,1838504.53,3172455.89,5,2023-04-14,2023-05-09,2024-01-04,2024-02-08,35,60.4,61.3,Completed,3,2024-03-01,2,2,Municipal Corporation,Government,CONT-7971,Contractor 48,2879994.68,TND-82140,3003163.18,5,2871073.8,2919032.76,Limited Tender,4704,3999,synthetic
MPLAD-ROA-0053,Road Project 53,road,road,Uttar Pradesh,District A,Constituency 7,Location 53,18.91376,79.28073,3673000.0,3653301.2,3504483.44,2845967.5,3953420.32,2,2023-04-01,2023-05-10,2024-01-05,2024-01-27,22,81.6,76.9,Completed,2,2023-09-15,0,0,Municipal Corporation,Government,CONT-2958,Contractor 48,3404876.75,TND-80236,3521876.47,2,3261557.75,3275116.98,Direct Contract,5139,5449,synthetic
MPLAD-ROA-0054,Road Project 54,road,road,Tamil Nadu,District C,Constituency 4,Location 54,24.23632,73.88215,3204000.0,3214331.29,2371284.37,1542358.21,3158065.44,5,2023-02-17,2023-03-11,2023-11-06,2023-11-15,9,67.5,69.8,Completed,1,2023-11-13,4,0,Zilla Parishad,Government,CONT-5853,Contractor 15,3000937.19,TND-57301,3310013.05,2,2828598.33,3091926.32,Open Tender,5505,5542,synthetic
MPLAD-ROA-0055,Road Project 55,road,road,Maharashtra,District C,Constituency 16,Location 55,23.12501,80.97697,3378000.0,3262907.3,2876207.68,2073407.47,6346785.48,5,2023-02-02,2023-03-01,2023-10-27,2024-04-24,180,94.7,99.6,Completed,0,,0,0,Rural Development Dept,Government,CONT-8216,Contractor 22,3496927.04,TND-34164,3505651.63,4,3436713.32,3565821.1,Open Tender,5979,5372,synthetic
MPLAD-ROA-0056,Road Project 56,road,road,Karnataka,District D,Constituency 3,Location 56,12.69867,70.13613,2399000.0,2410635.08,2118817.2,1710650.41,2387256.72,5,2023-03-06,2023-04-15,2023-12-11,2023-12-26,15,83.5,80.2,Completed,8,2023-05-18,1,1,PWD,Government,CONT-3485,Contractor 10,2301012.36,TND-83772,2410854.48,7,2308919.84,2529542.6,Limited Tender,4965,3999,synthetic
MPLAD-ROA-0057,Road Project 57,road,road,Karnataka,District B,Constituency 17,Location 57,27.04177,73.33411,2886000.0,2759093.17,2704824.04,1984303.87,3266255.42,8,2023-01-22,2023-02-16,2023-10-14,2023-11-08,25,64.1,64.0,Completed,2,2024-03-13,2,2,Rural Development Dept,Government,CONT-8381,Contractor 29,2776425.41,TND-48974,2776876.33,4,2411670.99,2618933.8,Direct Contract,4459,3962,synthetic
MPLAD-ROA-0058,Road Project 58,road,road,Bihar,District A,Constituency 7,Location 58,11.5929,77.63101,3231000.0,3225683.6,3037941.6,2457956.28,3685704.18,5,2023-04-20,2023-05-19,2024-01-14,2024-02-04,21,98.1,99.1,Completed,3,2023-06-18,4,1,Zilla Parishad,Government,CONT-5335,Contractor 43,3041084.75,TND-20641,3335236.69,5,3170855.22,3427545.45,Open Tender,4570,4707,synthetic
MPLAD-ROA-0059,Road Project 59,road,road,Maharashtra,District D,Constituency 15,Location 59,14.35749,81.61522,3236000.0,3144337.0,2291323.55,1395376.32,3610402.84,4,2023-03-03,2023-03-24,2023-11-19,2023-11-27,8,85.7,86.8,Completed,2,2023-06-12,3,2,Rural Development Dept,Government,CONT-5771,Contractor 3,3260721.96,TND-40340,3298272.34,5,3208579.32,3402127.05,Limited Tender,5681,5861,synthetic
MPLAD-ROA-0060,Road Project 60,road,road,Maharashtra,District B,Constituency 9,Location 60,26.11611,73.0686,2877000.0,2826184.0,2170500.61,1595097.85,2727300.57,9,2023-06-30,2023-07-28,2024-03-24,2024-04-13,20,62.7,65.7,Completed,4,2024-03-16,1,1,Zilla Parishad,Government,CONT-7965,Contractor 8,2790059.48,TND-81376,2750452.95,5,2374507.59,2602855.85,Open Tender,4230,4189,synthetic
MPLAD-ROA-0061,Road Project 61,road,road,Maharashtra,District A,Constituency 6,Location 61,17.52756,78.04965,1949000.0,2041414.69,1441254.91,1268489.5,1812486.68,4,2023-06-15,2023-07-04,2024-02-29,,12,71.5,68.9,Ongoing,2,2023-09-14,4,0,Municipal Corporation,Government,CONT-5728,Contractor 29,1788494.69,TND-26299,1895861.94,6,1713897.99,1728919.06,Limited Tender,5087,4535,synthetic
MPLAD-ROA-0062,Road Project 62,road,road,Bihar,District D,Constituency 15,Location 62,11.18059,85.51626,3319000.0,3206739.54,3001132.34,2455956.26,3711751.1,4,2023-06-26,2023-07-25,2024-03-21,2024-03-12,-9,80.0,79.0,Completed,5,2023-12-11,2,0,PWD,Government,CONT-1653,Contractor 28,3063664.92,TND-52247,3227267.63,7,3215460.77,3421562.83,Direct Contract,6218,6508,synthetic
MPLAD-ROA-0063,Road Project 63,road,road,Bihar,District A,Constituency 9,Location 63,23.60483,72.73645,2539000.0,2622617.5,2085661.31,2006537.7,2855271.57,3,2023-03-06,2023-03-17,2023-11-12,2023-12-06,24,93.0,94.7,Completed,2,2024-02-25,1,1,PWD,Government,CONT-3870,Contractor 31,2511435.63,TND-78021,2649814.45,5,2427035.95,2452681.15,Direct Contract,3790,3736,synthetic
MPLAD-ROA-0064,Road Project 64,road,road,Karnataka,District D,Constituency 3,Location 64,11.13705,85.95888,3270000.0,3169212.86,2419778.34,1897465.81,3404430.59,3,2023-04-24,2023-05-21,2024-01-16,2024-02-14,29,71.9,71.2,Completed,1,2024-03-15,2,2,Rural Development Dept,Government,CONT-6700,Contractor 27,3057112.64,TND-53687,3178702.46,6,2999373.98,3157453.43,Limited Tender,6374,5913,synthetic
MPLAD-ROA-0065,Road Project 65,road,road,Tamil Nadu,District D,Constituency 16,Location 65,23.50616,78.98801,2473000.0,2530772.84,2355621.77,1423247.55,2737325.3,7,2023-06-21,2023-07-07,2024-03-03,,-7,43.3,43.1,Ongoing,0,,2,1,Municipal Corporation,Government,CONT-7561,Contractor 49,2230196.2,TND-82102,2408999.12,6,2119505.94,2133201.48,Open Tender,4877,4290,synthetic
MPLAD-ROA-0066,Road Project 66,road,road,Maharashtra,District D,Constituency 17,Location 66,29.34538,78.11115,2804000.0,2699466.81,2589863.38,1793536.4,2628215.68,3,2023-04-27,2023-05-12,2024-01-07,2024-02-12,36,84.6,88.2,Completed,3,2023-10-24,3,2,PWD,Government,CONT-9889,Contractor 30,2852160.28,TND-64165,2895167.07,3,2628673.71,2746996.74,Open Tender,5533,4803,synthetic
MPLAD-ROA-0067,Road Project 67,road,road,Karnataka,District D,Constituency 2,Location 67,19.47813,86.12466,2728000.0,2795165.34,2509249.72,2270393.27,2481130.9,5,2023-02-18,2023-04-02,2023-11-28,2023-12-16,18,64.2,59.6,Completed,7,2024-04-23,3,1,Zilla Parishad,Government,CONT-5375,Contractor 36,2665797.88,TND-27172,2836820.14,2,2826603.69,3015237.2,Limited Tender,4788,5209,synthetic
MPLAD-ROA-0068,Road Project 68,road,road,Bihar,District B,Constituency 6,Location 68,10.91603,73.55447,2947000.0,2939436.85,2158096.29,1693427.71,2744565.83,1,2023-04-23,2023-06-03,2024-01-29,2024-02-18,20,84.7,81.3,Completed,0,,0,0,Municipal Corporation,Government,CONT-1224,Contractor 36,2818507.66,TND-63476,2961762.09,3,2789804.96,3052904.72,Open Tender,5829,5084,synthetic
MPLAD-ROA-0069,Road Project 69,road,road,Uttar Pradesh,District D,Constituency 10,Location 69,26.19644,83.38163,2397000.0,2483620.39,2369260.35,2248883.17,2646256.2,3,2023-02-27,2023-03-16,2023-11-11,2023-12-14,33,70.1,72.7,Completed,5,2023-05-15,3,0,Municipal Corporation,Government,CONT-7807,Contractor 31,2204663.08,TND-71894,2451167.38,4,2438346.45,2557433.86,Open Tender,4575,4227,synthetic
MPLAD-ROA-0070,Road Project 70,road,road,Tamil Nadu,District A,Constituency 10,Location 70,27.98433,70.19857,2577000.0,2593756.17,2351669.47,3438133.42,4736625.89,9,2023-02-18,2023-04-01,2023-11-27,2024-01-05,39,66.4,91.58663239654187,Completed,3,2023-10-30,2,2,Municipal Corporation,Government,CONT-9022,Contractor 10,2456673.91,TND-68529,2650133.14,5,2460976.91,2669679.51,Direct Contract,5673,5967,synthetic
MPLAD-ROA-0071,Road Project 71,road,road,Karnataka,District D,Constituency 11,Location 71,9.2673,78.75876,2946000.0,2842562.42,2250403.41,2099912.83,2892185.14,2,2023-05-04,2023-06-05,2024-01-31,2024-02-26,26,99.9,98.6,Completed,5,2024-03-09,1,1,Zilla Parishad,Government,CONT-4912,Contractor 37,3002355.8,TND-60196,2826095.04,5,2618423.56,2807841.57,Open Tender,4780,4832,synthetic
MPLAD-ROA-0072,Road Project 72,road,road,Karnataka,District D,Constituency 5,Location 72,23.42156,77.58246,2857000.0,2720701.9,2167399.29,1824660.74,3001382.53,4,2023-04-16,2023-04-28,2023-12-24,2024-01-19,26,89.8,94.6,Completed,3,2023-12-26,0,0,Rural Development Dept,Government,CONT-1606,Contractor 9,2730472.9,TND-75836,2732018.31,5,2623692.33,2885628.0,Direct Contract,4182,4516,synthetic
MPLAD-ROA-0073,Road Project 73,road,road,Maharashtra,District D,Constituency 1,Location 73,25.47054,78.9363,2403000.0,2521017.68,2329838.51,2053041.64,2574761.2,1,2023-03-26,2023-04-11,2023-12-07,,19,86.0,83.0,Ongoing,4,2023-11-22,4,1,Zilla Parishad,Government,CONT-7717,Contractor 42,2298558.71,TND-30232,2393804.4,5,2322939.4,2429373.44,Open Tender,3888,3204,synthetic
MPLAD-ROA-0074,Road Project 74,road,road,Karnataka,District A,Constituency 11,Location 74,18.79376,83.98079,2977000.0,2830242.59,2029804.91,1391603.81,3259973.57,9,2023-05-01,2023-05-27,2024-01-22,2024-02-06,15,96.9,96.6,Completed,0,,1,0,Rural Development Dept,Government,CONT-6188,Contractor 41,2802422.7,TND-73956,2910199.79,7,2582604.22,2652838.07,Direct Contract,4000,4111,synthetic
MPLAD-ROA-0075,Road Project 75,road,road,Tamil Nadu,District B,Constituency 3,Location 75,30.72886,87.41241,2763000.0,2875298.67,2132820.68,1711204.39,2529977.7,9,2023-01-10,2023-01-24,2023-09-21,2023-10-10,19,76.4,74.9,Completed,1,2024-01-09,4,1,Rural Development Dept,Government,CONT-2612,Contractor 49,2789588.75,TND-93066,2895982.39,3,2524557.48,2707627.21,Direct Contract,4442,3964,synthetic
MPLAD-ROA-0076,Road Project 76,road,road,Maharashtra,District A,Constituency 11,Location 76,20.30006,84.51527,2521000.0,2576464.03,2126605.63,1347756.08,2282787.66,3,2023-01-26,2023-03-05,2023-10-31,2023-11-27,27,99.2,96.5,Completed,5,2023-08-05,2,1,PWD,Government,CONT-5806,Contractor 23,2305793.26,TND-59131,2612256.9,4,2475494.85,2610516.23,Limited Tender,6914,5660,synthetic
MPLAD-ROA-0077,Road Project 77,road,road,Uttar Pradesh,District B,Constituency 6,Location 77,10.25687,76.42008,2709000.0,2663005.26,2468673.65,1968437.98,2549647.38,9,2023-02-07,2023-03-04,2023-10-30,2023-11-07,8,68.2,72.0,Completed,6,2023-12-18,0,0,PWD,Government,CONT-7267,Contractor 40,2480959.24,TND-99539,2751471.73,2,2502758.52,2526136.28,Open Tender,3642,3117,synthetic
MPLAD-ROA-0078,Road Project 78,road,road,Tamil Nadu,District D,Constituency 9,Location 78,15.672,87.79149,2882000.0,2920786.65,2743711.76,2059070.02,3009956.02,7,2023-05-08,2023-05-27,2024-01-22,2024-02-12,21,66.3,68.3,Completed,6,2024-04-17,1,1,PWD,Government,CONT-8622,Contractor 19,2784151.81,TND-98815,2915228.89,7,2852642.1,2886201.72,Direct Contract,5852,5980,synthetic
MPLAD-ROA-0079,Road Project 79,road,road,Bihar,District C,Constituency 14,Location 79,19.8611,84.90849,3165000.0,3322325.24,3302174.46,2804638.89,3104082.61,5,2023-02-10,2023-02-24,2023-10-22,2023-11-01,10,65.2,67.1,Completed,1,2023-08-19,2,2,Municipal Corporation,Government,CONT-8484,Contractor 20,3284419.25,TND-36111,3041801.88,5,2728960.21,2857540.05,Limited Tender,4834,4386,synthetic
MPLAD-ROA-0080,Road Project 80,road,road,Tamil Nadu,District C,Constituency 10,Location 80,14.70263,81.57187,3588000.0,3439879.99,3149978.03,2392865.43,3330510.06,4,2023-05-04,2023-05-20,2024-01-15,2024-02-07,23,67.7,68.8,Completed,5,2024-03-07,0,0,PWD,Government,CONT-7484,Contractor 18,3398689.72,TND-11061,3409969.59,7,3336179.86,3411971.05,Direct Contract,5421,5698,synthetic
MPLAD-SCH-0081,School Project 81,school,school,Uttar Pradesh,District B,Constituency 5,Location 81,18.14116,70.75644,1899000.0,1817059.18,1687950.92,1274666.96,1880189.37,8,2023-01-24,2023-02-21,2023-08-20,2023-09-15,26,90.4,94.4,Completed,2,2023-09-21,3,0,Municipal Corporation,Government,CONT-9697,Contractor 33,1820122.96,TND-45720,1876117.6,7,1838003.41,1938477.54,Open Tender,840,699,synthetic
MPLAD-SCH-0082,School Project 82,school,school,Tamil Nadu,District A,Constituency 15,Location 82,15.13371,75.39854,1981000.0,2073362.82,1530631.46,1329998.68,1796358.43,9,2023-03-07,2023-04-16,2023-10-13,,32,88.5,89.7,Ongoing,5,2023-09-14,0,0,PWD,Government,CONT-3306,Contractor 49,1861144.29,TND-39571,1891087.08,2,1740396.17,1792828.26,Direct Contract,879,860,synthetic
MPLAD-SCH-0083,School Project 83,school,school,Bihar,District C,Constituency 3,Location 83,19.1464,72.47543,2128000.0,2211481.97,1670993.68,1052739.86,2230793.88,3,2023-06-22,2023-07-27,2024-01-23,,33,29.2,32.1,Ongoing,0,,4,2,Rural Development Dept,Government,CONT-1228,Contractor 17,1945159.25,TND-80329,2215168.59,5,2171491.5,2185538.2,Open Tender,717,769,synthetic
MPLAD-SCH-0084,School Project 84,school,school,Tamil Nadu,District D,Constituency 12,Location 84,19.2714,78.10838,2072000.0,2060268.34,1817418.07,1526443.75,2327127.06,1,2023-04-27,2023-05-30,2023-11-26,2024-01-09,44,69.5,69.6,Completed,1,2024-05-08,4,2,PWD,Government,CONT-4830,Contractor 31,1943864.9,TND-13280,2043375.96,5,1922021.4,2096421.81,Direct Contract,918,800,synthetic
MPLAD-SCH-0085,School Project 85,school,school,Maharashtra,District D,Constituency 10,Location 85,19.84512,82.64066,1831000.0,1826292.21,1602133.53,1288216.05,1852728.54,3,2023-05-24,2023-06-23,2023-12-20,,54,78.3,73.8,Ongoing,4,2023-10-14,1,0,Rural Development Dept,Government,CONT-2911,Contractor 9,1724203.83,TND-15943,1888984.51,2,1780481.2,1800749.91,Open Tender,816,866,synthetic
MPLAD-SCH-0086,School Project 86,school,school,Bihar,District B,Constituency 13,Location 86,9.70418,71.44324,1351000.0,1409015.55,1056143.36,790155.23,1368089.14,9,2023-03-19,2023-04-29,2023-10-26,2023-11-23,28,86.8,84.4,Completed,6,2023-08-27,2,2,Rural Development Dept,Government,CONT-7078,Contractor 43,1378091.92,TND-80804,1372975.98,6,1191954.25,1241890.91,Limited Tender,855,876,synthetic
MPLAD-SCH-0087,School Project 87,school,school,Maharashtra,District D,Constituency 20,Location 87,13.18523,78.39894,2051000.0,2022679.79,1776111.56,1072504.7,2193888.02,8,2023-05-31,2023-06-19,2023-12-16,,26,60.9,65.0,Ongoing,3,2024-05-19,1,1,Rural Development Dept,Government,CONT-5583,Contractor 3,1849501.54,TND-58566,2035009.23,4,1866770.87,1882524.99,Open Tender,927,966,synthetic
MPLAD-SCH-0088,School Project 88,school,school,Maharashtra,District D,Constituency 3,Location 88,30.71947,76.11584,1941000.0,2008081.81,1822831.94,1391502.16,4118478.47,2,2023-04-03,2023-04-19,2023-10-16,2023-10-18,2,72.3,75.2,Completed,6,2023-05-20,2,2,Zilla Parishad,Government,CONT-1349,Contractor 4,1795481.35,TND-53713,1927515.74,1,1651335.05,1651335.05,Open Tender,947,974,synthetic
MPLAD-SCH-0089,School Project 89,school,school,Bihar,District B,Constituency 19,Location 89,29.602,72.0905,1576000.0,1561757.51,1239044.14,1062239.78,1446654.48,5,2023-02-02,2023-02-25,2023-08-24,2023-10-01,38,84.2,82.8,Completed,4,2024-03-22,1,1,Zilla Parishad,Government,CONT-4817,Contractor 22,1427618.66,TND-29340,1502078.63,4,1312822.34,1315888.06,Direct Contract,758,672,synthetic
MPLAD-SCH-0090,School Project 90,school,school,Uttar Pradesh,District C,Constituency 6,Location 90,21.93122,72.50554,2480000.0,2466143.67,2462339.38,1987710.72,2525883.99,3,2023-01-01,2023-01-28,2023-07-27,,23,22.1,17.4,Ongoing,5,2023-04-12,2,2,PWD,Government,CONT-1422,Contractor 9,2420770.05,TND-11947,2523992.06,6,2511277.72,2651333.89,Limited Tender,675,610,synthetic
MPLAD-SCH-0091,School Project 91,school,school,Maharashtra,District B,Constituency 14,Location 91,30.65701,72.67833,2097000.0,2156216.83,1984524.57,1417319.6,1995981.74,3,2023-03-02,2023-04-01,2023-09-28,2023-10-12,14,73.0,75.9,Completed,3,2023-08-14,2,2,PWD,Government,CONT-2041,Contractor 31,2031510.61,TND-68756,2000114.73,7,1937264.06,1961445.15,Limited Tender,693,736,synthetic
MPLAD-SCH-0092,School Project 92,school,school,Bihar,District A,Constituency 17,Location 92,18.75966,79.18778,2262000.0,2170088.7,2010340.59,1582005.0,2325846.32,7,2023-05-12,2023-05-28,2023-11-24,2023-12-12,18,80.9,81.5,Completed,6,2023-09-18,3,2,Municipal Corporation,Government,CONT-8504,Contractor 42,2036874.85,TND-14082,2293712.86,2,2256929.8,2271026.04,Open Tender,492,523,synthetic
MPLAD-SCH-0093,School Project 93,school,school,Karnataka,District D,Constituency 3,Location 93,24.80082,71.87927,1994000.0,2038407.77,1850384.49,1204758.23,2137429.44,7,2023-05-03,2023-06-07,2023-12-04,2023-12-18,14,72.0,70.6,Completed,2,2023-08-01,1,1,PWD,Government,CONT-6277,Contractor 39,1798881.7,TND-29442,2041431.18,2,1929021.71,1942337.66,Open Tender,874,931,synthetic
MPLAD-SCH-0094,School Project 94,school,school,Bihar,District C,Constituency 13,Location 94,11.65591,74.79102,2146000.0,2055363.55,1690049.21,1275480.93,2193012.32,6,2023-02-02,2023-03-01,2023-08-28,2023-09-14,17,64.4,67.5,Completed,3,2023-12-25,1,1,Municipal Corporation,Government,CONT-8433,Contractor 33,1954867.1,TND-89354,2125156.61,5,2081612.4,2165148.76,Limited Tender,712,632,synthetic
MPLAD-SCH-0095,School Project 95,school,school,Bihar,District B,Constituency 14,Location 95,11.80698,85.87586,1921000.0,1947985.45,1935702.11,1605330.75,1837450.43,8,2023-01-26,2023-02-12,2023-08-11,,-10,38.6,40.1,Ongoing,3,2024-01-11,2,1,Rural Development Dept,Government,CONT-4743,Contractor 27,1934625.45,TND-54424,1982958.93,7,1853061.91,1875290.07,Limited Tender,836,769,synthetic
MPLAD-SCH-0096,School Project 96,school,school,Karnataka,District C,Constituency 9,Location 96,21.72342,86.3296,2128000.0,2033161.86,1879848.38,1354774.74,2250124.69,3,2023-04-13,2023-05-19,2023-11-15,2023-12-05,20,61.9,59.7,Completed,1,2023-10-26,1,1,Municipal Corporation,Government,CONT-3500,Contractor 44,2016153.43,TND-72163,2043282.7,2,1776612.83,1876988.68,Open Tender,798,845,synthetic
MPLAD-SCH-0097,School Project 97,school,school,Tamil Nadu,District B,Constituency 18,Location 97,19.42323,71.9976,2255000.0,2359649.68,1714962.38,1476698.06,2242213.05,3,2023-01-24,2023-02-08,2023-08-07,2023-08-24,17,79.8,78.7,Completed,2,2023-03-29,1,1,PWD,Government,CONT-6400,Contractor 43,2065139.68,TND-26021,2318551.28,5,2318365.65,2342663.99,Limited Tender,411,435,synthetic
MPLAD-SCH-0098,School Project 98,school,school,Maharashtra,District C,Constituency 20,Location 98,16.82686,71.04566,1991000.0,1901873.88,1769256.76,1341577.3,1975974.55,6,2023-04-01,2023-05-08,2023-11-04,,24,27.0,28.6,Ongoing,4,2024-05-11,1,1,Municipal Corporation,Government,CONT-6761,Contractor 7,1984479.26,TND-85748,1970120.56,7,1733474.19,1887790.66,Direct Contract,848,751,synthetic
MPLAD-SCH-0099,School Project 99,school,school,Maharashtra,District C,Constituency 18,Location 99,16.82561,73.27131,2069000.0,2107906.4,1628498.22,1540894.96,1913756.11,7,2023-02-24,2023-03-15,2023-09-11,2023-10-23,42,93.5,95.6,Completed,1,2023-07-07,3,2,Municipal Corporation,Government,CONT-2882,Contractor 49,1985509.93,TND-46512,2123271.74,5,1889898.47,1931439.45,Direct Contract,677,619,synthetic
MPLAD-SCH-0100,School Project 100,school,school,Tamil Nadu,District C,Constituency 1,Location 100,21.97301,87.82376,2041000.0,1998814.29,1862780.11,1484309.76,3294259.5,7,2023-05-24,2023-07-08,2024-01-04,,289,10.1,48.02917483275861,Ongoing,0,,4,1,Zilla Parishad,Government,CONT-3347,Contractor 37,1906774.26,TND-96159,1989281.8,5,1832148.69,1843089.64,Limited Tender,565,565,synthetic
